Comment,Time,Polarity,Sentiment,Subjectivity,Offensive?,Emotion
Pictorial metamorphosis üòÅ so nice story. Song.,"2022-04-27
16:53:34",0.7264,positive,1.0,No,neutral
pero el estribillo es igual que la canci√≥n de rocket man no ??,"2022-04-27
16:48:40",-0.3736,negative,0.0,Yes,excitement
so cute,"2022-04-27
16:47:06",0.5095,positive,1.0,Yes,admiration
Classic ü•π,"2022-04-27
16:39:25",0.16666666666666666,positive,0.16666666666666666,No,neutral
Dua Lipa is on a whole another level.üòçüòã,"2022-04-27
14:40:38",0.4588,positive,0.4,No,neutral
this furry boy band &gt; bts,"2022-04-27
13:52:57",0.0,neutral,0.0,No,amusement
"My new favourite good mood songüòÅ‚ú®‚ù§Ô∏èüêº:''https://open.spotify.com/track/25KR00oIU5GC4NzN3gxnYt?si=_3mpjaBaSGq89tkW28vh0g"">https://open.spotify.com/track/25KR00oIU5GC4NzN3gxnYt?si=_3mpjaBaSGq89tkW28vh0g'","2022-04-27
12:50:40",0.4404,positive,0.5272727272727273,Yes,admiration
A voz da dua lipa √© bonita de mais,"2022-04-27
10:31:08",0.0,neutral,0.0,No,neutral
What a mix! It's been a while... Good vibes,"2022-04-27
10:28:56",0.4926,positive,0.6000000000000001,Yes,approval
SUCH BEAUTIFUL MUSIC TOGETHER DUA LIPIA AND ELTON JOHN!!! I'M 63 AND GREAT DANCING MUSIC WITH MY GRANDDAUGHTERS.,"2022-04-27
09:22:09",0.907,positive,0.75,No,admiration
–û—á–µ–Ω—å –∫—Ä–∞—Å–∏–≤—ã–π –∫–ª–∏–ø –≤ –∏—Å–ø–æ–ª–Ω–µ–Ω–∏–∏ —ç–ª—Ç–æ–Ω–∞ –î–∂–æ–Ω–∞  –∏ –º–æ–ª–æ–¥–æ–π –ø–µ–≤–∏—Ü—ã –¥—É–∞–ª–∏–ø—ã,"2022-04-27
06:19:00",0.0,neutral,0.0,No,neutral
"Ï°∞ÌöåÏàò 245,027,920Ìöå... Ïûò Î≥¥Í≥† Îì§ÏóàÏäµÎãàÎã§.","2022-04-27
06:14:32",0.0,neutral,0.0,No,neutral
Expression of love and freedom in a beautiful song ü•∞,"2022-04-27
05:47:24",0.9666,positive,0.8,No,admiration
What is with these doll things and it is addictive hahahaha I Iove it idk why haha,"2022-04-27
04:11:45",0.3818,positive,0.5666666666666667,No,amusement
"Loved the original, love this.","2022-04-27
03:38:10",0.886,positive,0.7166666666666667,Yes,love
Really it's just parts of Sacrifice and Rocketman. Two of Elton's masterpieces. I don't think this song is one of Elton's best performances.,"2022-04-27
03:19:17",0.8271,positive,0.25,No,admiration
ROCKET MAN,"2022-04-27
02:17:18",0.0,neutral,0.0,Yes,neutral
"And to this day, still stuck in my head and on repeat. Thanks daily radio station play.","2022-04-27
02:00:20",0.5106,positive,0.1,No,neutral
essa m√∫sica est√° simplismente incr√≠vel,"2022-04-27
01:54:19",0.0,neutral,0.0,No,neutral
This song puts me in a good mood and I could listen to it over and over lol,"2022-04-27
01:37:48",0.6908,positive,0.65,No,admiration
Here because of PG üòÇ,"2022-04-27
01:01:44",0.4404,positive,0.0,No,neutral
This Is amazing!!,"2022-04-27
00:45:25",0.658,positive,0.9,No,admiration
"love a cats ,l have twice","2022-04-27
00:34:50",0.6369,positive,0.6,No,love
she epatajuro qalo,"2022-04-27
00:17:25",0.0,neutral,0.0,No,neutral
chemi cxovreba xar,"2022-04-27
00:17:12",0.0,neutral,0.0,No,neutral
dua lipa miyvarxarrr,"2022-04-27
00:17:02",0.0,neutral,0.0,No,neutral
"I love these two, awesome artists ... and the cat/kitty cartoons are a hit! Thanks!","2022-04-26
23:24:18",0.915,positive,0.6,No,admiration
Bam,"2022-04-26
22:53:13",0.0,neutral,0.0,No,neutral
Preciosa üíñ üíé üíñ üíé,"2022-04-26
21:42:39",0.9153,positive,0.0,No,neutral
"–ù—É –∫–∞–∫ –Ω–∏ –∫—Ä—É—Ç–∏, —Å–ª–∞–¥–∫–æ, —Å–æ–≤–º–µ—Å—Ç–∏–ª–∏ 4","2022-04-26
21:30:50",0.0,neutral,0.0,No,neutral
Working @ circle k ' bath ' body works got me liking this song,"2022-04-26
21:26:05",0.4019,positive,0.0,Yes,love
Vier wochen sind vergangen'Immer noch s√ºchtig nach dem Song!!!!!!!!,"2022-04-26
19:11:22",0.0,neutral,0.0,No,neutral
"Day 152 of me listening to Cold Heart everyday for 1 year as a tribute to my grandma'Today emoji üéµ","2022-04-26
19:10:23",0.6369,positive,0.8,Yes,neutral
Disco NEVER DIED üï∫üï∫üï∫üéâüéâ'VIBES ‚ö°Ô∏è‚ö°Ô∏èüî•üî•,"2022-04-26
18:42:50",0.6207,positive,0.0,No,neutral
Better the original,"2022-04-26
18:37:11",0.6369,positive,0.625,No,neutral
They are bad too bone,"2022-04-26
18:34:40",-0.5423,negative,0.6666666666666666,Yes,neutral
"Fico arrepiada , Dua Lipa t√° fazendo historia. Ficou topppppppppppppp","2022-04-26
18:33:34",0.0,neutral,0.0,No,neutral
"One of the best songs/arrangements/ performers EVER,,  ticks all the boxes!!!","2022-04-26
18:05:07",0.7249,positive,0.3,No,admiration
I now feel the urge to dance for some reason üï∫,"2022-04-26
17:46:41",0.0,neutral,0.0,No,disappointment
Muy lindo tema,"2022-04-26
17:14:28",0.0,neutral,0.0,No,neutral
No lo hab√≠a visto a√∫n,"2022-04-26
17:05:38",-0.296,negative,0.0,No,neutral
–≠—Ç–æ –≤–æ–ª—à–µ–±–Ω–æ —è —Å–ª—É—à–∞—é –∏ –ø—Ä—è–º –Ω–∞—Å–ª–∞–∂–¥–∞—é—Å—å –≠–ª—Ç–æ–Ω –∏ –ª–∏–ø–∞ –∫—Ä—É—Ç—ã–µ,"2022-04-26
16:19:02",0.0,neutral,0.0,No,neutral
this song will probably win title of most annoying song.'no offense,"2022-04-26
15:48:39",-0.1171,negative,0.6,No,annoyance
"Save, save . Brazil   Rio de Janeiro.","2022-04-26
15:24:09",0.7506,positive,0.0,Yes,neutral
Why does Elton John sound like an Asian man who doesn't speak good English lol,"2022-04-26
15:10:44",0.4393,positive,0.33999999999999997,No,amusement
Piosenka spoko ale teledysk ≈õwietny pomysl,"2022-04-26
15:06:24",0.0,neutral,0.0,No,neutral
"I love this 80's style. I also know Let's Love- David Guetta, do u know any other song like this ?","2022-04-26
14:35:04",0.8979,positive,0.525,Yes,love
–õ—é–±–ª—é!!!!!!loveeeee!!!!,"2022-04-26
13:13:49",0.0,neutral,0.0,No,neutral
I never see more homophobic clip in my life.,"2022-04-26
11:44:56",0.5,positive,0.5,Yes,neutral
"Escuchar esto despu√©s de tener covid-19, es resucitar.","2022-04-26
09:33:30",0.0,neutral,0.0,No,neutral
ADDICTIVE,"2022-04-26
09:07:57",0.0,neutral,0.9,No,neutral
My 1 year old is obsessed with this song! Doesn‚Äôt stop singing itü§£üòç,"2022-04-26
08:27:10",0.5562,positive,0.6,No,neutral
Yo this music video kind of creeps me out,"2022-04-26
08:07:04",0.6,positive,0.9,No,amusement
My Childhood song back again. love it,"2022-04-26
07:36:47",0.6369,positive,0.3,No,love
"Old lyrics, modern vibes","2022-04-26
05:29:05",0.15000000000000002,positive,0.25,Yes,curiosity
I really do love this song could haerd üëçüëç,"2022-04-26
05:13:40",0.6682,positive,0.6,No,love
Those little figurines can dance better than me!,"2022-04-26
03:52:13",0.4926,positive,0.5,No,neutral
I get that dua lipa can't make more than a basic beat but why does she use such an ugly snare,"2022-04-26
03:38:03",-0.6652,negative,0.53125,Yes,neutral
Muy bueno la mezcla,"2022-04-26
02:18:29",0.0,neutral,0.0,No,neutral
This song looks like a fever dream,"2022-04-26
01:48:58",0.5423,positive,0.0,No,neutral
